,timestamp,TT66.BCTFI.660298:TOTAL_INTENSITY,TT60.BCTFI.610225:TOTAL_INTENSITY,SPS.BQM:NO_BUNCHES,SPSQC:TRANSFER_LINES_OPTICS_NAMES,s_x,s_x_std,mu_x,mu_x_std,R2_x,s_y,s_y_std,mu_y,mu_y_std,R2_y
0,2024-04-08 10:06:06.135000064,9480376000.0,9794922000.0,0.0,tt66_2023_fp1_0p97_0p4mm,0.9259044249947913,0.0035920976401176657,-0.047552410359314415,0.003285739061748686,0.9963712973220665,0.7838201525885233,0.001948199900414622,1.5932867472207708,0.0018854392723536373,0.9973632024847372
1,2024-04-08 10:06:48.135000064,9198068000.0,9436835000.0,0.0,tt66_2023_fp1_0p97_0p4mm,0.9105711894076792,0.003634888878499192,-0.07008088290266094,0.0033319629054449416,0.9961633090639859,0.771561726065968,0.0018710425311972336,1.5777682177258872,0.0018118448996739288,0.9974916918136091
2,2024-04-08 10:10:18.135000064,9572559000.0,9720142000.0,0.0,tt66_2023_fp1_0p97_0p4mm,0.9098689922448637,0.003628710001389474,-0.5331273003089372,0.0033266205595557743,0.9961706124571563,0.7717550090749795,0.0018825149082757787,1.5536867736117035,0.001822937251817027,0.997462153045345
3,2024-04-08 10:11:00.135000064,9429964000.0,9596465000.0,0.0,tt66_2023_fp1_0p97_0p4mm,1.0474557408505982,0.007544386562379621,-0.44894957630312293,0.006777307319294611,0.9875085804523566,0.8894118621347087,0.0035806545031700347,1.5546946957668601,0.003447147248330364,0.9930656685349298
4,2024-04-08 10:11:42.135000064,9769887000.0,9685627000.0,0.0,tt66_2023_fp1_0p97_0p4mm,0.9041238708791813,0.003725590332387426,-0.5427922387092168,0.003418129796514818,0.9959147755337012,0.7698694740949361,0.0019012058214297434,1.5938102327068455,0.0018412045963346467,0.9973992940129696
5,2024-04-08 10:13:06.135000064,9028106000.0,9579208000.0,0.0,tt66_2023_fp1_0p97_0p4mm,0.9008511980314141,0.0036582288472416687,-0.38302259868384914,0.0033578287339783557,0.9960330203006362,0.7675901362066828,0.001885209223751933,1.2313679870395202,0.0018259140183842027,0.9974279702259325
6,2024-04-08 10:13:48.135000064,9765565000.0,9807866000.0,0.0,tt66_2023_fp1_0p97_0p4mm,0.8956045935453727,0.0036672262213361356,-0.5142585815548393,0.0033684914448061866,0.9959685320875673,0.7668994973665874,0.0018822836602880382,1.2539311225256775,0.0018231413099969443,0.9974314324292531
7,2024-04-08 10:14:30.135000064,9293131000.0,9728770000.0,0.0,tt66_2023_fp1_0p97_0p4mm,0.8938622396403693,0.003683630021264043,-0.4067833567702228,0.0033843586341955672,0.9959172748444572,0.7602989223062706,0.001882666831576318,1.2387884560684481,0.0018240931187716164,0.9973868104756329
8,2024-04-08 10:15:12.135000064,9196628000.0,9668369000.0,0.0,tt66_2023_fp1_0p97_0p4mm,0.8876136141230384,0.003670709130926507,-0.43911323364809474,0.003375335666172448,0.9958907032149121,0.7569444073780143,0.0019415339174980635,1.2538578463220453,0.0018814325056778702,0.9971972926987783
9,2024-04-08 10:15:54.135000064,9710832000.0,9674122000.0,0.0,tt66_2023_fp1_0p97_0p4mm,0.8801703202967701,0.00364506417929979,-0.47935223363321283,0.0033551042846527057,0.99588156229103,0.75176612766051,0.0018471569058254379,1.222205927660647,0.0017904224308158214,0.9974283460815119
10,2024-04-08 10:16:36.135000064,9192307000.0,9766160000.0,0.0,tt66_2023_fp1_0p97_0p4mm,0.8812798735235613,0.003544483052686474,-0.41058803980208686,0.003262039933431519,0.9961142620220295,0.7524965751701783,0.0018794122115994246,1.2232136891020555,0.0018216231550609425,0.997343016083008
11,2024-04-08 10:17:18.135000064,9349304000.0,10578689000.0,0.0,tt66_2023_fp1_0p97_0p4mm,0.8831119823040217,0.0035493681143204015,-0.3587824540986525,0.003265733943199547,0.996119110923206,0.7533218160604503,0.0017881534870998227,1.2291839793284451,0.0017331018141048505,0.9975993036181875
12,2024-04-08 10:18:00.135000064,9212471000.0,9915724000.0,0.0,tt66_2023_fp1_0p97_0p4mm,0.8828737977266594,0.0035955685293967148,-0.45589640648749147,0.003308348087745891,0.9960157615782606,0.7558835501914942,0.0017967708284537917,1.2566915460244374,0.0017412394895789487,0.9975921280629232
13,2024-04-08 10:18:42.135000064,9208150000.0,9730209000.0,0.0,tt66_2023_fp1_0p97_0p4mm,0.8757347057592763,0.003450816181268442,-0.27384163038693426,0.003178189090122509,0.9962711928324276,0.7520089701494574,0.0018160336375711887,1.232612350509269,0.0017602345734538953,0.9975156256633385
14,2024-04-08 10:19:24.135000064,8954649000.0,9270015000.0,0.0,tt66_2023_fp1_0p97_0p4mm,0.8746178439676016,0.00343445514272252,-0.32670690468011376,0.003163590852521991,0.9962972634325256,0.7432405697294255,0.001835570639861964,1.2487993057095148,0.0017799189634612194,0.997403415863686
15,2024-04-08 10:20:06.135000064,9272966000.0,9781980000.0,0.0,tt66_2023_fp1_0p97_0p4mm,0.8779667595632317,0.0034995321200034916,-0.23516163129847786,0.0032220974514179227,0.9961842930797626,0.7507205844704005,0.0018679535028633138,1.2339423890824976,0.0018106711171441872,0.9973631340467444
16,2024-04-08 10:20:48.135000064,9866390000.0,10466517000.0,0.0,tt66_2023_fp1_0p97_0p4mm,0.8774840715418133,0.0036840597508147974,-0.691498164499177,0.003392214605418005,0.9957685619823025,0.7512239179317551,0.001845102102640393,1.2311211672724551,0.0017884772859117274,0.9974304440662964
17,2024-04-08 10:21:30.135000064,9105885000.0,9659741000.0,0.0,tt66_2023_fp1_0p97_0p4mm,0.8726578611888152,0.0035099563103934495,-0.4942719385437675,0.003233979734101462,0.9961166023682021,0.7442033841756396,0.0017382200405975361,1.247947499613046,0.0016854422520143515,0.9976767741200955
18,2024-04-08 10:22:12.135000064,9139014000.0,9698570000.0,0.0,tt66_2023_fp1_0p97_0p4mm,0.8743935214444877,0.0034829416719989363,-0.47654113117117014,0.0032083491293489483,0.9961905002663559,0.7442516754455473,0.0018486967182106296,1.2428935628322328,0.0017925603725790899,0.997373205421199
19,2024-04-08 10:22:54.135000064,9555275000.0,9569141000.0,0.0,tt66_2023_fp1_0p97_0p4mm,0.8754773345176954,0.003710603635093175,-0.5971221203212684,0.003417569491150322,0.9956887049726089,0.7490845712667105,0.0018178305649841527,1.2588604583992271,0.0017622235209918224,0.9974917689122488
20,2024-04-08 10:25:42.135000064,10271128000.0,10160202000.0,0.0,tt66_2023_fp2_sti_0p1_0p5mm,0.23675306898930418,0.0010800858328810703,0.3898810021078551,0.0010617907136727047,0.9953424929262767,0.4758463945836478,0.0013194332286824212,-1.4432342352910381,0.0012950235272192732,0.9967867649250801
21,2024-04-08 10:26:24.135000064,10157341000.0,9662618000.0,0.0,tt66_2023_fp2_sti_0p1_0p5mm,0.23517231616488468,0.0010659023129813477,0.40272913701124463,0.0010479771315789067,0.9954034712878544,0.4666143442808335,0.001243745080823904,-1.4408011260027451,0.0012212184954014326,0.9970318845222795
22,2024-04-08 10:27:06.135000064,10403640000.0,10075353000.0,0.0,tt66_2023_fp2_sti_0p1_0p5mm,0.23911699302660155,0.0010614551527652022,-0.28494239303323704,0.0010432822303447313,0.9955878718450336,0.4744856280989922,0.0013212771492254192,-1.4935829106154426,0.001296909047923555,0.9967596583086078
23,2024-04-08 10:27:48.135000064,10240881000.0,9139148000.0,0.0,tt66_2023_fp2_sti_0p1_0p5mm,0.23930161898809205,0.001069923731555953,-0.6873196477826918,0.0010515905830708393,0.9955242840971444,0.47832181176549554,0.0013424278249023576,-1.5351841281262018,0.0013174526825292603,0.9967078341150739
24,2024-04-08 10:28:30.135000064,10482859000.0,9994820000.0,0.0,tt66_2023_fp2_sti_0p1_0p5mm,0.23731097770477008,0.0010761411540911611,-0.6974626785050643,0.0010578666062384375,0.9953975840300151,0.47953822441331867,0.001288598570728195,-0.9356769436479541,0.001264558795821935,0.996980854791719
25,2024-04-08 10:29:12.135000064,10173184000.0,10417622000.0,0.0,tt66_2023_fp2_sti_0p1_0p5mm,0.23852860055725825,0.0010206821352984146,-0.8880735821336614,0.0010032535888304017,0.9958991948544184,0.48692402870678975,0.0013034465077994522,-0.19899709570886054,0.0012787231717855463,0.9970023067683275
26,2024-04-08 10:29:54.135000064,10033470000.0,9428207000.0,0.0,tt66_2023_fp2_sti_0p1_0p5mm,0.23795437627153238,0.0010345363611943305,-0.8022302336677265,0.0010169170386392344,0.9957676254647738,0.48118479540287806,0.001283465339926558,-0.1740919242122268,0.0012594321714694636,0.9970248586335559
27,2024-04-08 10:30:36.135000064,9525027000.0,10524041000.0,0.0,tt66_2023_fp2_sti_0p1_0p5mm,0.241225308125179,0.001095497224230572,-0.32145891963901857,0.0010765632146741062,0.9953818408247487,0.49206706737848077,0.0013113288717370836,-0.20743190964193928,0.0012861705768774593,0.9970279159140217
28,2024-04-08 10:31:18.135000064,9526468000.0,10591632000.0,0.0,tt66_2023_fp2_sti_0p1_0p5mm,0.23835974097935453,0.001084963491171561,-0.32422835166962855,0.0010664514383545215,0.9953624349334028,0.4808768780092406,0.0012771787580213812,-0.20521066739529814,0.0012532799015698044,0.9970501455625688
29,2024-04-08 10:32:00.135000064,9630172000.0,10564308000.0,0.0,tt66_2023_fp2_sti_0p1_0p5mm,0.2369921948882964,0.0010807412612449925,-0.33567841809407833,0.0010624151338828576,0.995346085924442,0.4778486938012651,0.001239813300574295,-0.20714023120775557,0.0012167719752016316,0.9971850813451891
30,2024-04-08 10:32:42.135000064,9863509000.0,9730209000.0,0.0,tt66_2023_fp2_sti_0p1_0p5mm,0.24202853823862103,0.0011498071134123024,0.1833297873428347,0.0011298630936718902,0.9949479941545779,0.488275572685476,0.0013368849259422653,-0.1738596348728321,0.0013114509175394863,0.9968641086026575
31,2024-04-08 10:33:24.135000064,9702190000.0,9402321000.0,0.0,tt66_2023_fp2_sti_0p1_0p5mm,0.23929407966267904,0.0011305559302886823,0.1720078742436114,0.00111118450498729,0.9950049332029293,0.4792965096956491,0.0013301589346524933,-0.17918398078569867,0.0013053573824594893,0.9967804199210853
32,2024-04-08 10:34:06.135000064,9817418000.0,10145821000.0,0.0,tt66_2023_fp2_sti_0p1_0p5mm,0.2381637344130429,0.0011280224618702313,0.1755907827568405,0.0011087927648974756,0.9949808236023947,0.4738546251402359,0.001280707224977829,-0.176882077973278,0.0012571213692399899,0.9969470373866428
33,2024-04-08 10:34:48.135000064,10186147000.0,9899904000.0,0.0,tt66_2023_fp2_sti_0p1_0p5mm,0.23907291022938343,0.0011250519146265804,0.16285256584964755,0.0011057939907791459,0.9950442379077656,0.4772899996004445,0.001278840775139058,-0.17703646358940656,0.0012551042549573835,0.9969987329956609
34,2024-04-08 10:35:30.135000064,10004663000.0,10016391000.0,0.0,tt66_2023_fp2_sti_0p1_0p5mm,0.23765691289200985,0.0011184364774397338,0.1787098476643817,0.0010994138817139137,0.9950447007457404,0.4751696159315955,0.0012354962010399726,-0.18194389658081472,0.0012126745606745812,0.9971735898813542
35,2024-04-08 10:36:12.135000064,9924004000.0,9163596000.0,0.0,tt66_2023_fp2_sti_0p1_0p5mm,0.23829142432752057,0.0011098548750887352,0.1682154675608961,0.0010909239604876917,0.9951455200254328,0.47670809742225884,0.0012546598858289,-0.17551021189024624,0.0012314029527104558,0.9971039110816962
36,2024-04-08 10:36:54.135000064,10098286000.0,9945924000.0,0.0,tt66_2023_fp2_sti_0p1_0p5mm,0.2376689320883991,0.001110431388076244,0.17543423955915177,0.001091543914588895,0.9951155199125282,0.47545214793741236,0.0012167653736605269,-0.18605556046655833,0.0011942752436854664,0.9972616028376983
37,2024-04-08 10:37:36.135000064,9569678000.0,9534626000.0,0.0,tt66_2023_fp2_sti_0p1_0p5mm,0.23814201268585722,0.0011056391791367318,0.17653192832726583,0.001086792908156831,0.9951762242469495,0.47742213381157256,0.0012231254942654023,-0.1786203026286373,0.0012004162935493339,0.9972553373639904
38,2024-04-08 10:38:18.135000064,10108369000.0,9909971000.0,0.0,tt66_2023_fp2_sti_0p1_0p5mm,0.2375486209480255,0.0010952566037145436,0.17321046053249628,0.0010766373945264932,0.9952427569975028,0.47465247669717053,0.001177868151953724,-0.18232360579808246,0.001156136646477681,0.9974249500242373
39,2024-04-08 10:39:00.135000064,10111249000.0,9055738000.0,0.0,tt66_2023_fp2_sti_0p1_0p5mm,0.23734584311481383,0.0011066544503279434,0.17054217708196354,0.001087858767432797,0.9951355757059317,0.475796292839645,0.0011895722796957495,-0.18588667548304622,0.0011675675325830193,0.9973860316428032
40,2024-04-08 10:39:42.135000064,9837582000.0,9622351000.0,0.0,tt66_2023_fp2_sti_0p1_0p5mm,0.23772253774097343,0.001094685878555429,0.17373879203952597,0.0010760617019769613,0.9952545036807463,0.4776388953434563,0.0011990934615720473,-0.18182198240165867,0.0011768194935305313,0.9973641993686916
41,2024-04-08 10:40:24.135000064,10184707000.0,9129081000.0,0.0,tt66_2023_fp2_sti_0p1_0p5mm,0.23741402867100037,0.0010935833669271618,0.17312631534598696,0.001075003942410328,0.9952519397730698,0.47537168665015467,0.0011779272029678364,-0.17670178136485667,0.001156158933715603,0.9974323334688279
42,2024-04-08 10:41:06.135000064,9296011000.0,9455531000.0,0.0,tt66_2023_fp2_sti_0p1_0p5mm,0.23757886270635756,0.0010925852910089614,0.1682502780327702,0.0010740089461152979,0.995267006015055,0.47873181037466334,0.0012121954886784479,-0.18572362373673995,0.0011896222943624504,0.9973184920359336
43,2024-04-08 10:41:48.135000064,9264324000.0,8955070000.0,0.0,tt66_2023_fp2_sti_0p1_0p5mm,0.23773116011236103,0.0010925456769360095,0.16959847911741902,0.0010739571851277109,0.9952732897118903,0.47890333022803905,0.0011736206448197247,-0.18483886530916904,0.0011517572950496852,0.9974877844457565
44,2024-04-08 10:42:30.135000064,9319057000.0,9392254000.0,0.0,tt66_2023_fp2_sti_0p1_0p5mm,0.2375690996102485,0.0010877878558804563,0.17283547260459248,0.0010692938964435323,0.9953079063802269,0.47783825305147404,0.001164299774731932,-0.180860951138216,0.0011426623422455902,0.9975166043047727
45,2024-04-08 10:43:12.135000064,9617209000.0,9763285000.0,0.0,tt66_2023_fp2_sti_0p1_0p5mm,0.2380164958251584,0.0010889416697235292,0.16838979785215602,0.0010703905516945347,0.9953153063584609,0.4816855340746449,0.001204380191066391,-0.18095912321092433,0.0011818024560080983,0.9973846210880185
46,2024-04-08 10:43:54.135000064,9949930000.0,10574375000.0,0.0,tt66_2023_fp2_sti_0p1_0p5mm,0.2387485486630184,0.0010905516449530085,0.17991348744735902,0.0010719115545892775,0.9953297111537754,0.48200981909423257,0.0011989105583694018,-0.17551933611208223,0.001176418950256138,0.997411680990851
47,2024-04-08 10:44:36.135000064,8947447000.0,9899904000.0,0.0,tt66_2023_fp2_sti_0p1_0p5mm,0.23797156531827926,0.00109200933921238,0.17603445758666586,0.001073409741526551,0.9952872551633345,0.4797193379831175,0.001179932129736878,-0.18523273760016382,0.0011579105963152704,0.9974692291217185
48,2024-04-08 10:45:18.135000064,10042112000.0,9878333000.0,0.0,tt66_2023_fp2_sti_0p1_0p5mm,0.2376276324956543,0.0010847049913489824,0.16226907899480067,0.0010662585537224455,0.9953365931911546,0.47830319792908976,0.0011636843502185895,-0.17775017477524235,0.0011420355475304717,0.9975239528041194
49,2024-04-08 10:46:00.135000064,9706511000.0,10312640000.0,0.0,tt66_2023_fp2_sti_0p1_0p5mm,0.23766419090420682,0.0010877810256220207,0.18167649103393224,0.001069279213032017,0.9953116449358431,0.4797951424267939,0.0011583224887371608,-0.17738288515686174,0.0011367005588618633,0.9975616110911193
50,2024-04-08 10:46:42.135000064,9422762000.0,8694774000.0,0.0,tt66_2023_fp2_sti_0p1_0p5mm,0.23809669357858948,0.0010865129565001577,0.17424095485176133,0.0010679964981704906,0.995339162082691,0.4789968118989936,0.0011735692322289238,-0.1767809206511585,0.0011517022108057688,0.9974889659687155
51,2024-04-08 10:47:24.135000064,9769887000.0,10335650000.0,0.0,tt66_2023_fp2_sti_0p1_0p5mm,0.2376199604839514,0.0010894404144624918,0.18756590098915263,0.001070914090962119,0.9952956810589171,0.4785478809769115,0.0011758199407165678,-0.17795201651425355,0.0011539332397440057,0.9974747071203992
52,2024-04-08 10:48:06.135000064,10101167000.0,9943047000.0,0.0,tt66_2023_fp2_sti_0p1_0p5mm,0.23867165053802653,0.0010851405973221538,0.1743328581229073,0.001066599426800397,0.9953728065271432,0.48259413308321747,0.0011728789626137411,-0.17891577332762057,0.0011508467722931859,0.9975284666879061
53,2024-04-08 10:48:48.135000064,9769887000.0,8756612000.0,0.0,tt66_2023_fp2_sti_0p1_0p5mm,0.23755295867607984,0.001086131982245032,0.1686611584237591,0.001067667525671652,0.9953214905282387,0.4784928588616242,0.0011569221681378492,-0.18064472733643802,0.0011353899145483501,0.9975544791302555
54,2024-04-08 10:49:30.135000064,9618650000.0,10060972000.0,0.0,tt66_2023_fp2_sti_0p1_0p5mm,0.23836989266214573,0.0010841953932539245,0.15904711956841383,0.0010656955986325573,0.9953693551965255,0.4801413896615847,0.001149670910182269,-0.17815621613660917,0.0011281936850063865,0.9976012113689902
55,2024-04-08 10:50:12.135000064,9955692000.0,9748904000.0,0.0,tt66_2023_fp2_sti_0p1_0p5mm,0.23830537709828392,0.0010810590046026502,0.1712730673800524,0.0010626181025879605,0.9953935404451898,0.48035862065659896,0.0011707218116958915,-0.17631906488832122,0.001148840602049619,0.9975149889476499
56,2024-04-08 10:51:36.135000064,92212230000.0,96199470000.0,1.0,tt66_2023_fp2_sti_0p1_0p5mm,0.38532375818707404,0.0020427312368477557,0.16007261804524964,0.001983579895715694,0.9936046845598873,0.7965150661351025,0.003281131873177582,-0.17412585577816886,0.003173465533627316,0.9927846314384242
57,2024-04-08 10:52:18.135000064,109748810000.0,108145140000.0,1.0,tt66_2023_fp2_sti_0p1_0p5mm,0.3903881293695077,0.0021109545873282034,0.1579337774044935,0.0020489176841975263,0.9933440798218208,0.8094188567414654,0.003419899409786117,-0.17694819332062184,0.0033055870093972647,0.9924059565519907
58,2024-04-08 10:53:00.135000064,110692426000.0,116099330000.0,1.0,tt66_2023_fp2_sti_0p1_0p5mm,0.3924473801354273,0.0021305636062335814,0.14729899775237854,0.0020675760612496688,0.9932895140206439,0.8162573721154888,0.0034581305316367,-0.17831972983763894,0.0033414147214844577,0.992361776269492
59,2024-04-08 10:53:42.135000064,113842620000.0,111920500000.0,1.0,tt66_2023_fp2_sti_0p1_0p5mm,0.22415480364500837,0.005714923476736122,0.17220033350708952,0.005623642912791326,0.8726691668033876,0.46309139735802834,0.04335750164989209,-0.17667333623936463,0.04257862469858401,0.21403605813637383
60,2024-04-08 10:54:24.135000064,115773380000.0,121704720000.0,1.0,tt66_2023_fp2_sti_0p1_0p5mm,0.22634066019671212,0.00637004570452272,0.18234518467463626,0.006267237048085561,0.8490085806142447,0.0677631164153471,0.02122878598406588,-10.437115354269661,0.02114694012181348,0.037507522025382656
61,2024-04-08 10:55:06.135000064,113987790000.0,113361470000.0,1.0,tt66_2023_fp2_sti_0p1_0p5mm,0.23647586473817772,0.0011182948272748813,0.1908970518371689,0.0010993763718849963,0.9949973366375447,0.514403142630728,0.0011773833415402598,-0.19464714336721953,0.0011536763719766396,0.9978025876602046
62,2024-04-08 10:55:48.135000064,111432794000.0,116041690000.0,1.0,tt66_2023_fp2_sti_0p1_0p5mm,0.23276475975392982,0.0011476278628005788,0.1719097463544249,0.001128540702312583,0.9945670313095009,0.5175360748157276,0.0022221831734787435,-0.16966013864932764,0.0021771414146366406,0.9923077127064396
63,2024-04-08 10:58:36.135000064,116107280000.0,112439250000.0,1.0,tt66_2023_fp2_sti_0p1_0p5mm,0.2329951344979396,0.0011782278486025832,0.18233516378816947,0.0011586109045265006,0.9942862078006267,0.5190167813183001,0.002136770290972636,-0.17983607972076548,0.0020933244910287968,0.9929231048137215
64,2024-04-08 10:59:18.135000064,110242400000.0,114067550000.0,1.0,tt66_2023_fp2_sti_0p1_0p5mm,0.23273090317753517,0.0011376683742883328,0.17476521409615145,0.001118749816992613,0.9946588964544856,0.514944218658411,0.002091783891536145,-0.1890545464658141,0.0020496168605235025,0.9931108552250859
65,2024-04-08 11:00:00.135000064,113320010000.0,117396200000.0,1.0,tt66_2023_fp2_sti_0p1_0p5mm,0.2337226002551915,0.0011341185221562195,0.1719013960683499,0.0011151725816541818,0.9947360509718894,0.5151714309039344,0.002156832112491321,-0.17338518047450627,0.0021133328945708452,0.9926852124549299
66,2024-04-08 11:00:42.135000064,113726480000.0,118231966000.0,1.0,tt66_2023_fp2_sti_0p1_0p5mm,0.2333046495822823,0.001127881808315974,0.1713462978477372,0.001109076280514337,0.9947751887887485,0.5173369005835684,0.0021524571184524835,-0.17934158905775563,0.002108846976424524,0.9927740107404714
67,2024-04-08 11:01:24.135000064,114902360000.0,120062000000.0,1.0,tt66_2023_fp2_sti_0p1_0p5mm,0.23291607613034274,0.0011459215683325133,0.17478429095812925,0.0011268494671277983,0.994589981717916,0.5205167350895196,0.0022020936254006107,-0.17444084326111478,0.0021571783580071344,0.9925292549224402
68,2024-04-08 11:02:06.135000064,110677900000.0,115652624000.0,1.0,tt66_2023_fp2_sti_0p1_0p5mm,0.2340941372676658,0.0011168842770926239,0.18298145844515717,0.001098194345014795,0.9949098814668448,0.5168428333191335,0.0021129958447611173,-0.17302408841264674,0.002070229823555695,0.99302170561793
69,2024-04-08 11:02:48.135000064,114379750000.0,113390290000.0,1.0,tt66_2023_fp2_sti_0p1_0p5mm,0.23282549802283922,0.0011395460796496306,0.1651130819129477,0.0011205880192970816,0.9946456116827711,0.5186739297636094,0.0021935678973981055,-0.18032979036034888,0.002148999438982503,0.9925351104486317
70,2024-04-08 11:03:30.135000064,113741000000.0,116574850000.0,1.0,tt66_2023_fp2_sti_0p1_0p5mm,0.23366902171563622,0.0011404031520401174,0.1792212109360608,0.0011213569188647451,0.9946754693176542,0.5210276891374784,0.002097380134157278,-0.18005274066571225,0.002054554799081777,0.9932311250785415
71,2024-04-08 11:04:12.135000064,110997280000.0,117799670000.0,1.0,tt66_2023_fp2_sti_0p1_0p5mm,0.23393608015460093,0.0011339198462665026,0.16774432814187978,0.0011149586170374481,0.9947472926928566,0.5209984071326772,0.002216037087104305,-0.17656587163476556,0.0021707917252398526,0.9924486963197956
72,2024-04-08 11:04:54.135000064,111882820000.0,118044640000.0,1.0,tt66_2023_fp2_sti_0p1_0p5mm,0.23300729314182356,0.0011560600966870327,0.17639637963247357,0.0011368111560012984,0.9944985800885411,0.5238644271680758,0.0021326071477665116,-0.18192173712347487,0.002088803486584209,0.9930771670287628
73,2024-04-08 11:05:36.135000064,111853790000.0,116416340000.0,1.0,tt66_2023_fp2_sti_0p1_0p5mm,0.23730701741824214,0.0011131032018360425,0.1867622617332063,0.0010942013219081659,0.9950774196043847,0.5161776691024347,0.001198768049688445,-0.19546117354222795,0.0011745396364165953,0.9977375505852342
74,2024-04-08 11:06:18.135000064,113203870000.0,112323970000.0,1.0,tt66_2023_fp2_sti_0p1_0p5mm,0.23760103621028023,0.0011161102827465107,0.19168093732068628,0.0010971320546651804,0.995062915421264,0.5180055216692263,0.001222541539917702,-0.1978963684054272,0.0011977371347674066,0.9976633858312208
75,2024-04-08 11:07:00.135000064,113290970000.0,113836990000.0,1.0,tt66_2023_fp2_sti_0p1_0p5mm,0.23408437623005707,0.0011286794549423124,0.1757892417909833,0.0011097929884161673,0.994801939414877,0.5167723868586535,0.0020795528430982363,-0.16943584633039754,0.002037469961707115,0.9932375721374831
76,2024-04-08 11:07:42.135000064,111200520000.0,108894450000.0,1.0,tt66_2023_fp2_sti_0p1_0p5mm,0.23349788145629075,0.001159487793859153,0.18133990882815734,0.0011401380737871745,0.9944888488002681,0.5162961325467156,0.002045255573925694,-0.18705490488329993,0.002003908378424679,0.9934455590103827
77,2024-04-08 11:08:24.135000064,112652220000.0,118822765000.0,1.0,tt66_2023_fp2_sti_0p1_0p5mm,0.23333398667364363,0.0011364704773028239,0.16982340872181487,0.001117519187933199,0.9946970439903685,0.5205540921986377,0.0021505672712444925,-0.18470438720915014,0.0021066995259939074,0.9928733126362168
78,2024-04-08 11:09:06.135000064,108935864000.0,114802450000.0,1.0,tt66_2023_fp2_sti_0p1_0p5mm,0.23472972042003873,0.0011174894131548146,0.1944829668082937,0.0010987347364911245,0.9949314028176447,0.5223186384039719,0.002177143755406015,-0.17538660914056087,0.002132569458543754,0.9927454158056972
79,2024-04-08 11:09:48.135000064,113363560000.0,117900540000.0,1.0,tt66_2023_fp2_sti_0p1_0p5mm,0.14969502218530747,0.00042245854805398827,0.4944473091704775,0.00041805757289233454,0.9982323945622298,0.43991060053967246,0.0013955705861112414,-0.2498108048617168,0.0013718515542350035,0.9958083822176379
80,2024-04-08 11:10:30.135000064,115424980000.0,116445160000.0,1.0,tt66_2023_fp2_sti_0p1_0p5mm,0.15183831350040228,0.0004266835960171169,0.49275355116540126,0.000422171932203468,0.9982468948261984,0.4446230417402307,0.0014045632713615554,-0.2447477840294159,0.001380415849657386,0.9958422277278257
81,2024-04-08 11:11:12.135000064,111273110000.0,107986630000.0,1.0,tt66_2023_fp2_sti_0p1_0p5mm,0.15070243380227402,0.0004246672492222659,0.48908771197226636,0.00042021208522538593,0.9982374243646587,0.44106664284600205,0.0014460376316208755,-0.2558929232052351,0.0014213913135935434,0.9955242258010454
82,2024-04-08 11:11:54.135000064,110010120000.0,119269470000.0,1.0,tt66_2023_fp2_sti_0p1_0p5mm,0.15059061556462408,0.00042949369743920505,0.48826919586953305,0.0004249914007748679,0.9981945578222611,0.4421038362923864,0.0014362752778726772,-0.25155074282584056,0.0014117333494198738,0.9956044815129395
83,2024-04-08 11:12:36.135000064,113784550000.0,118318420000.0,1.0,tt66_2023_fp2_sti_0p1_0p5mm,0.14946669108205832,0.00042587004230561367,0.47435107612591537,0.0004214406120641847,0.998198353776139,0.4397454137182646,0.0013913286186590732,-0.2537802525606853,0.0013676912385844945,0.9958306485861741
84,2024-04-08 11:13:18.135000064,107716430000.0,116762170000.0,1.0,tt66_2023_fp2_sti_0p1_0p5mm,0.15163674126959029,0.00043291273042977556,0.49345897909972536,0.0004283415673168495,0.9981906822351094,0.44423186542645116,0.0014568446666916384,-0.25641192887710523,0.0014318221658124622,0.99552062751717
85,2024-04-08 11:14:00.135000064,114249100000.0,119845855000.0,1.0,tt66_2023_fp2_sti_0p1_0p5mm,0.15039110592037827,0.0004339348819770712,0.4956790478193551,0.0004293923394374162,0.99815225944066,0.4439247435908573,0.00144315838069675,-0.2517356614992562,0.0014183894128301162,0.9955980610321707
86,2024-04-08 11:14:42.135000064,110837600000.0,108202780000.0,1.0,tt66_2023_fp2_sti_0p1_0p5mm,0.1509476096893377,0.0004295479964533409,0.4792202497830526,0.00042503394954453383,0.9982025356170684,0.4408886769569037,0.0014063992766905834,-0.2592590170172602,0.0013824389716215347,0.9957618615741793
87,2024-04-08 11:15:24.135000064,114234580000.0,117597940000.0,1.0,tt66_2023_fp2_sti_0p1_0p5mm,0.15008942453936394,0.0004275952783974407,0.4863511548711229,0.0004231285019531719,0.9981986215030723,0.4383873046352724,0.001425690597345372,-0.25855860030331473,0.0014015499576309428,0.9955964420254941
88,2024-04-08 11:16:06.135000064,114452330000.0,118390470000.0,1.0,tt66_2023_fp2_sti_0p1_0p5mm,0.150086206026984,0.0004234243454244489,0.47861028379204584,0.00041900123898141816,0.9982334561452904,0.4408669357464604,0.00143770937201652,-0.2505982036929812,0.0014132169493693606,0.9955714738037852
89,2024-04-08 11:16:48.135000064,112027990000.0,117727625000.0,1.0,tt66_2023_fp2_sti_0p1_0p5mm,0.15085938282250982,0.0004330471251577297,0.49433710300228645,0.00042849909339503394,0.9981710729168747,0.4443350681454396,0.0014636566613797043,-0.2516717131355378,0.0014385108623807498,0.9954808882794918
90,2024-04-08 11:17:30.135000064,114147475000.0,119082140000.0,1.0,tt66_2023_fp2_sti_0p1_0p5mm,0.14957766199389208,0.0004349894379314285,0.5016540194274167,0.0004304616410923778,0.9981232704244265,0.4420021314565152,0.0014202670703651779,-0.2549594095551832,0.001396004688636085,0.9956995583666982
91,2024-04-08 11:18:12.135000064,112666740000.0,109903135000.0,1.0,tt66_2023_fp2_sti_0p1_0p5mm,0.150596869437742,0.0004366128501081577,0.4882912932071904,0.00043203572537492055,0.9981344746306486,0.44438457726469865,0.0014188376599177364,-0.24931383948939345,0.0013944589269110313,0.9957531830766205
92,2024-04-08 11:18:54.135000064,113610350000.0,110393065000.0,1.0,tt66_2023_fp2_sti_0p1_0p5mm,0.14996922783863464,0.00043762412955590296,0.488419195179766,0.00043305642302540385,0.9981103021385163,0.4431547586832316,0.0014155326012325205,-0.25738755711054867,0.001391283167145823,0.9957498239937278
93,2024-04-08 11:19:36.135000064,113523245000.0,111949320000.0,1.0,tt66_2023_fp2_sti_0p1_0p5mm,0.15091359520886438,0.00043282017708257283,0.49531793021752285,0.00042827281780918696,0.9981742830843158,0.4450400702408277,0.0014104451121912576,-0.2587805612967384,0.0013861720636507914,0.9958151799856795
94,2024-04-08 11:20:18.135000064,109879470000.0,109802270000.0,1.0,tt66_2023_fp2_sti_0p1_0p5mm,0.15043670136769904,0.0004335106759178355,0.48924466201163064,0.0004289711337884603,0.9981569684057643,0.44267571295849634,0.0014244921941270626,-0.24227658325980253,0.0014001176913410857,0.9956869443250556
95,2024-04-08 11:21:00.135000064,115381430000.0,119024500000.0,1.0,tt66_2023_fp2_sti_0p1_0p5mm,0.1502195136459232,0.00043480871660191086,0.48403799312844026,0.0004302624649737095,0.998140632511187,0.44341031133744196,0.0014218831765777267,-0.24203734881099215,0.0013975098203793711,0.9957166123777415
96,2024-04-08 11:21:42.135000064,113218390000.0,111531430000.0,1.0,tt66_2023_fp2_sti_0p1_0p5mm,0.15195947985001568,0.00042847867522013007,0.49059639380873477,0.0004239442442071223,0.9982349245920006,0.4440271338721753,0.0014711828540708491,-0.2559797779105325,0.0014459266274855743,0.9954282970022439
97,2024-04-08 11:22:24.135000064,113174840000.0,113246190000.0,1.0,tt66_2023_fp2_sti_0p1_0p5mm,0.1518483048620871,0.0004282651599938797,0.49555427379477124,0.0004237364605519097,0.9982341271788371,0.44383347981989846,0.00141839760694133,-0.25931295475049526,0.0013940589988780394,0.995745464351971
98,2024-04-08 11:24:30.135000064,101372486000.0,105594620000.0,1.0,tt66_2023_fp2_sti_0p1_0p5mm,0.17107770885718004,0.0005162777232171298,0.4884826760877886,0.0005100896429913088,0.9979737143913447,0.5519860389536223,0.0023520351243275788,-0.25553644939780074,0.002300876591352975,0.9924061273406967
99,2024-04-08 11:25:12.135000064,109908500000.0,114903320000.0,1.0,tt66_2023_fp2_sti_0p1_0p5mm,0.15065463303266693,0.0004334796170107506,0.4963434010597813,0.00042893351262717193,0.9981624979058925,0.44146901259027005,0.0014216844159268072,-0.25220244119817037,0.0013974293680087116,0.9956807967376026
100,2024-04-08 11:25:54.135000064,116049210000.0,119413560000.0,1.0,tt66_2023_fp2_sti_0p1_0p5mm,0.15106712012700474,0.00043422803671525057,0.48515112209311684,0.00042966102539914,0.9981660981904401,0.44595690998856463,0.0014588782618126612,-0.25826855574521496,0.001433715957360228,0.9955421735321982
101,2024-04-08 11:26:36.135000064,115962110000.0,118231966000.0,1.0,tt66_2023_fp2_sti_0p1_0p5mm,0.15015609546367029,0.00042247933341905074,0.48636292319581126,0.0004180639475347869,0.9982429367387391,0.4431080041588745,0.0013789286758929843,-0.25734325351869974,0.0013553089867186193,0.9959650803178511
102,2024-04-08 11:27:18.135000064,109850436000.0,112251920000.0,1.0,tt66_2023_fp2_sti_0p1_0p5mm,0.15025918637528063,0.0004367130694815461,0.4775755420108266,0.00043214564360311025,0.9981253191793622,0.4432637304466979,0.0014532913044439048,-0.2554291339832861,0.0014283884314245413,0.9955232446209328
103,2024-04-08 12:31:00.135000064,112100570000.0,111084730000.0,1.0,tt66_2023_fp2_sti_0p1_0p5mm,0.15025564460750396,0.000422411672465511,0.4694232937684015,0.0004179939291892329,0.9982457985217489,0.44460216974383987,0.0013780411291509803,-0.25520161463325935,0.0013543508827875814,0.995996775061109
104,2024-04-08 12:31:42.135000064,113958760000.0,119586480000.0,1.0,tt66_2023_fp2_sti_0p1_0p5mm,0.15005839833636553,0.0004245297690874823,0.4986451485561776,0.00042009597675177646,0.998223586113691,0.4435128299917041,0.0013491344972108446,-0.2608749188419025,0.0013260024088908215,0.9961438085981524
105,2024-04-08 12:40:06.135000064,157727620000.0,164127010000.0,1.0,tt66_2023_fp2_sti_0p1_0p5mm,0.1500712643891694,0.00040775943155204063,0.4879278373047708,0.0004035004066824038,0.9983612148535141,0.4676611298065018,0.0013424607561176682,-0.2610235506150192,0.001318087230342662,0.996558879820008
106,2024-04-08 12:40:48.135000064,155027460000.0,162412250000.0,1.0,tt66_2023_fp2_sti_0p1_0p5mm,0.143193192267342,0.00036216530945711186,0.47838716213962074,0.0003585636533743927,0.9985809880655417,0.4538965828057002,0.0012778458838449583,-0.25837661942933887,0.0012553824789247807,0.9966928654555439
107,2024-04-08 12:42:54.135000064,166350750000.0,172585530000.0,1.0,tt66_2023_fp2_sti_0p1_0p5mm,0.14001712073951414,0.00038047291867325083,0.4841777161876742,0.0003767767942949314,0.9983630765312458,0.44799951536399646,0.0013441569704774768,-0.25362692828305405,0.0013208588608283123,0.9962469541267356
108,2024-04-08 12:43:36.135000064,170371970000.0,175914170000.0,1.0,tt66_2023_fp2_sti_0p1_0p5mm,0.14245456650798863,0.00036005790589259737,0.4901632584976482,0.00035649650052338,0.998583005159744,0.45590382967523624,0.001280029337723107,-0.24845745467925875,0.0012574201134201008,0.9967102013022152
109,2024-04-08 12:44:18.135000064,170952650000.0,178248560000.0,1.0,tt66_2023_fp2_sti_0p1_0p5mm,0.14175895523115775,0.00036344216969402826,0.47804905793128644,0.0003598656217443607,0.9985422301103756,0.45490888614233094,0.0012851292626451984,-0.2511734791631077,0.0012624834349224756,0.9966697751896214
110,2024-04-08 12:45:00.135000064,172868900000.0,178781720000.0,1.0,tt66_2023_fp2_sti_0p1_0p5mm,0.14978312735508015,0.0003868201484578128,0.49072073055737264,0.0003827879542807242,0.9985193445362867,0.478400061291125,0.0013323612205861513,-0.25129685367642657,0.0013075689656523598,0.9967579042350653
111,2024-04-08 12:45:42.135000064,173841550000.0,180899950000.0,1.0,tt66_2023_fp2_sti_0p1_0p5mm,0.1489292838774875,0.0003960186041275735,0.47785895283156243,0.0003919151562341428,0.9984305557382579,0.47146606698025895,0.0013565621182193206,-0.25415642922336507,0.0013317156263770152,0.9965418555115629
112,2024-04-08 12:46:24.135000064,171693020000.0,173867990000.0,1.0,tt66_2023_fp2_sti_0p1_0p5mm,0.14670239607777075,0.0004022149686639035,0.47913203654762987,0.0003981124968345378,0.9983321817521448,0.4665802516441084,0.0013566517345349391,-0.25915824437106155,0.0013320821361412231,0.9964700184792528
113,2024-04-08 12:47:06.135000064,170357460000.0,175251320000.0,1.0,tt66_2023_fp2_sti_0p1_0p5mm,0.146106412531034,0.00040016752470615634,0.47493965921804493,0.00039610327691451706,0.998335745382942,0.464817481538996,0.0013277379862773177,-0.2579602575021423,0.0013037902677811497,0.9965931767986497
114,2024-04-08 12:47:48.135000064,169268670000.0,166245240000.0,1.0,tt66_2023_fp2_sti_0p1_0p5mm,0.14886753950669368,0.0003984792749991619,0.47605362249633115,0.00039435212230596196,0.9984097191214281,0.47633021166588607,0.0013369646649361586,-0.25662007877603893,0.0013122033776937758,0.9967076598114729
115,2024-04-08 12:48:30.135000064,167105640000.0,178853770000.0,1.0,tt66_2023_fp2_sti_0p1_0p5mm,0.1484158158050759,0.00040122154147479913,0.48919584371585995,0.00039707918254172696,0.9983780730552029,0.47192974934197157,0.0013631993534495884,-0.26013730999704404,0.0013382047117377147,0.9965147765370899
116,2024-04-08 12:49:54.135000064,173551200000.0,170121460000.0,1.0,tt66_2023_fp2_sti_0p1_0p5mm,0.14938441171489347,0.0003866134757986384,0.4729286479088725,0.0003825946662966147,0.9985131064617951,0.4861194119865235,0.001249553722001135,-0.2555089913150236,0.0012258951132929146,0.9972354474747701
117,2024-04-08 12:50:36.135000064,174102860000.0,178767310000.0,1.0,tt66_2023_fp2_sti_0p1_0p5mm,0.14982937555383657,0.000381290849678359,0.46283157932701763,0.00037731500771497805,0.998562189358893,0.4840077268265581,0.00126784268113015,-0.2618958180741415,0.0012439509370480988,0.9971297579211196
118,2024-04-08 12:51:18.135000064,172360810000.0,177945950000.0,1.0,tt66_2023_fp2_sti_0p1_0p5mm,0.15285648844783264,0.00037743028143531076,0.47651370681634936,0.0003734113666650311,0.99864576090635,0.4775114988231067,0.001304927506197018,-0.2560476036025841,0.0012806946081668753,0.9968782685408458
119,2024-04-08 12:52:00.135000064,169675150000.0,176173550000.0,1.0,tt66_2023_fp2_sti_0p1_0p5mm,0.1462876097464836,0.0004070148826801823,0.48900430203299133,0.0004028757286635762,0.9982826167103193,0.4644347984859181,0.0013800875292924264,-0.25827520155923117,0.0013552177691506602,0.9963142948307355
120,2024-04-08 12:52:42.135000064,173217320000.0,179848040000.0,1.0,tt66_2023_fp2_sti_0p1_0p5mm,0.15334257236667437,0.00037384275660092567,0.4762082980112577,0.0003698487741612447,0.9986796648920442,0.4788562165961284,0.0013095128003563605,-0.2562413878186653,0.001285120520131405,0.9968736506612811
121,2024-04-08 12:53:24.135000064,176338470000.0,180626160000.0,1.0,tt66_2023_fp2_sti_0p1_0p5mm,0.1524432369185561,0.00038351224471934524,0.47958200820509433,0.00037944013686328317,0.9985943210600948,0.4810686818945519,0.0012876042268758713,-0.26045105523142376,0.0012634998659692015,0.9970042792853644
122,2024-04-08 12:54:06.135000064,173522170000.0,181202550000.0,1.0,tt66_2023_fp2_sti_0p1_0p5mm,0.15562969706177554,0.000372255562512358,0.4870542313432104,0.00036821631880407427,0.9987286090385467,0.48446069206116865,0.0012867028560583208,-0.24943633573649693,0.0012624310785803409,0.9970494007568035
123,2024-04-08 12:55:30.135000064,168992850000.0,176677900000.0,1.0,tt66_2023_fp2_sti_0p1_0p5mm,0.14659121090176994,0.00040890003489591224,0.4879473561934874,0.00040473268429012715,0.9982737907394837,0.46446422764912,0.00138615704861351,-0.25779907104900623,0.001361176198883755,0.9962823874051027
124,2024-04-08 12:56:12.135000064,173072140000.0,169962950000.0,1.0,tt66_2023_fp2_sti_0p1_0p5mm,0.14728965950746264,0.0004049850944703016,0.4825470204243656,0.00040083706956318255,0.9983224745960587,0.4684525441782197,0.0013626098739020851,-0.2525257402269491,0.0013378252214413969,0.996466912020094
125,2024-04-08 12:56:54.135000064,174451260000.0,174703760000.0,1.0,tt66_2023_fp2_sti_0p1_0p5mm,0.14818311132624898,0.00039038685227914873,0.48970405267598527,0.00038636296766647815,0.9984595824235545,0.47563792048199577,0.0013075795019979112,-0.25602600193833885,0.0012834005765220797,0.9968413457191395
126,2024-04-08 12:57:36.135000064,171213960000.0,169285700000.0,1.0,tt66_2023_fp2_sti_0p1_0p5mm,0.1468219343140703,0.0004026968677370574,0.47050268897946135,0.0003985859798873745,0.9983308803623012,0.46941200092780094,0.0013219358418312599,-0.25603601266069725,0.001297837718760881,0.9966873199831043
127,2024-04-08 12:58:18.135000064,170313910000.0,177095790000.0,1.0,tt66_2023_fp2_sti_0p1_0p5mm,0.1473997286817648,0.0004083508076585661,0.47546021105811065,0.00040416504006723453,0.9982970411643257,0.4683864301735827,0.0013705502127129752,-0.2584607712705139,0.0013456249423653567,0.9964247734953966
128,2024-04-08 12:59:00.135000064,171809160000.0,177643360000.0,1.0,tt66_2023_fp2_sti_0p1_0p5mm,0.14755644512155044,0.00040573453419648765,0.48887854294740246,0.00040157095799725544,0.998322285443635,0.47022702999414245,0.0013653355844770285,-0.2625593285627092,0.0013403995375025856,0.9964790152030066
129,2024-04-08 12:59:42.135000064,169820320000.0,168579610000.0,1.0,tt66_2023_fp2_sti_0p1_0p5mm,0.1464658570025707,0.00041597016751977024,0.47205996434775216,0.00041173455198924096,0.9982106633460843,0.4633873586240155,0.0014040029350621866,-0.24731218036916208,0.0013787638932238765,0.9961690183391546
130,2024-04-08 13:01:06.135000064,173347960000.0,176043870000.0,1.0,tt66_2023_fp2_sti_0p1_0p5mm,0.14871068216111877,0.0003933225887267864,0.4556842200136461,0.000389253337124608,0.9984473150453536,0.4785299679056215,0.0013036276251399263,-0.2521909860968611,0.0012793629031386947,0.9968974570415639
131,2024-04-08 13:34:42.135000064,2012932600000.0,2014741900000.0,12.0,tt66_2023_fp2_sti_0p1_0p5mm,0.23683750290077668,0.0014674131798657715,0.4660081591531342,0.0014425477433810852,0.9914427961280673,0.7947985196386017,0.0029473512979257006,-0.24504651495197668,0.0028508768125023176,0.9941454192812256
132,2024-04-08 13:36:48.135000064,1946415500000.0,1951108400000.0,12.0,tt66_2023_fp2_sti_0p1_0p5mm,0.23714971815680277,0.0014379643820956267,0.47576001785455374,0.0014135633742469518,0.9918011451266533,0.7910516228926359,0.0028356813065877383,-0.2516349872196629,0.0027433640046493446,0.9945284056436429
133,2024-04-08 13:38:12.135000064,1952120700000.0,1949970100000.0,12.0,tt66_2023_fp2_sti_0p1_0p5mm,0.23721519558911017,0.0014489756378576694,0.4674126892913396,0.0014243804726831444,0.9916806352723311,0.7902137416471335,0.002842199093288375,-0.25274997314733194,0.002749782007917696,0.9944920593287863
134,2024-04-08 13:38:54.135000064,1990765000000.0,1989395100000.0,12.0,tt66_2023_fp2_sti_0p1_0p5mm,0.23738450113141726,0.0014638687784084513,0.47213707587280457,0.0014390017216157267,0.9915220186310661,0.789654974351506,0.0028911418527351744,-0.24577103586370277,0.002797209570124179,0.9942940055109661
135,2024-04-08 13:39:36.135000064,1975914200000.0,1977982600000.0,12.0,tt66_2023_fp2_sti_0p1_0p5mm,0.23673472037020132,0.001451106716699421,0.46148665001558775,0.0014265290775601054,0.9916232386428383,0.7893229713565932,0.002882304161889576,-0.25105936501286324,0.0027887041636651287,0.9943240147537816
136,2024-04-08 13:41:42.135000064,1909658400000.0,1907101000000.0,12.0,tt66_2023_fp2_sti_0p1_0p5mm,0.1458650683509124,0.002123809629199444,0.4781008280202497,0.002102276692127898,0.9550095136735253,0.46218108821387033,0.01533049999237669,-0.31470188696047047,0.015055686837551057,0.6845219106991156
137,2024-04-08 13:48:00.135000064,1809723200000.0,1809820800000.0,12.0,tt66_2023_fp2_sti_0p1_0p5mm,0.1545281485286796,0.00048228053527335843,0.47235798991914685,0.0004770862783161322,0.9978376977897843,0.4425394907514566,0.0028143153790114047,-0.25360024867882136,0.002766175546759272,0.9833633862150487
138,2024-04-08 13:50:06.135000064,1878374200000.0,1876523600000.0,12.0,tt66_2023_fp2_sti_0p1_0p5mm,0.15136460801345533,0.00046826064003985235,0.4726384500497122,0.00046332553077071254,0.9978762787368007,0.44411980826127917,0.0026521254249390557,-0.2510911110693357,0.002606585375713082,0.9853001509344564
139,2024-04-08 13:51:30.135000064,1955401600000.0,1953341900000.0,12.0,tt66_2023_fp2_sti_0p1_0p5mm,0.14980806475599848,0.0004673844413097634,0.4818342981140453,0.00046251160065123814,0.9978405367972749,0.44736647741589086,0.0025730388440194534,-0.25457354356795975,0.0025285086051718446,0.9863463616819474
140,2024-04-08 13:52:12.135000064,1957884100000.0,1964365400000.0,12.0,tt66_2023_fp2_sti_0p1_0p5mm,0.15230217464186727,0.0004216475015492957,0.46244005096407426,0.00041717481802881605,0.9982982563817147,0.4529343928975135,0.0026848957090259053,-0.26508314868219945,0.002637805561972671,0.98550356492352
141,2024-04-08 13:52:54.135000064,1943207300000.0,1942433800000.0,12.0,tt66_2023_fp2_sti_0p1_0p5mm,0.15086141044415893,0.0004646513991547598,0.4749223652010441,0.000459771377913276,0.9978950155898738,0.4485619111695239,0.0024332992322780174,-0.2559091596655056,0.002391066056912298,0.9878347991716677
142,2024-04-08 13:53:36.135000064,1939026300000.0,1941900600000.0,12.0,tt66_2023_fp2_sti_0p1_0p5mm,0.1508547462613542,0.0004870093710906263,0.47149613450132355,0.00048189477128605387,0.9976878455362237,0.44795753913351083,0.00263929120024207,-0.25394606269462167,0.002593549307586899,0.9856811513349168
143,2024-04-08 13:57:48.135000064,1897319000000.0,1902403500000.0,12.0,tt66_2023_fp2_sti_0p1_0p5mm,0.1485472505348479,0.0004104594803483047,0.48649749848299373,0.0004062178181623718,0.9983056216075267,0.4350716030318175,0.0024298740057755995,-0.25104284551984435,0.0023890646893200613,0.9871262326925697
144,2024-04-08 13:59:12.135000064,1921664000000.0,1924392800000.0,12.0,tt66_2023_fp2_sti_0p1_0p5mm,0.1512748921536417,0.00046812541360749846,0.4794243170738827,0.0004631947907975781,0.9978750142728737,0.4505414455154021,0.0025358016351361345,-0.2622978097223265,0.0024915798924657487,0.9869145633034659
145,2024-04-08 13:59:54.135000064,1937139200000.0,1935661200000.0,12.0,tt66_2023_fp2_sti_0p1_0p5mm,0.1513119301714627,0.0004732838486623594,0.47272337105868717,0.00046829761559398107,0.997829077093372,0.44265933717666517,0.002618175069848473,-0.26049173561422645,0.0025733772229213493,0.9855768013623418
146,2024-04-08 14:00:36.135000064,1956548400000.0,1962953300000.0,12.0,tt66_2023_fp2_sti_0p1_0p5mm,0.15109141390895853,0.0005416534728360994,0.4657740743115747,0.0005359556493415225,0.9971502752443788,0.4523990307805009,0.0027533973588825932,-0.2604366633340942,0.0027051673696722326,0.9847308504185258
147,2024-04-08 14:01:18.135000064,1954806400000.0,1957275800000.0,12.0,tt66_2023_fp2_sti_0p1_0p5mm,0.15070508681440573,0.0005930503724909495,0.4824537824554068,0.0005868285941791049,0.9965684405256352,0.44941468631049725,0.002840493286018985,-0.2519730821844358,0.0027910916398632087,0.9835560476715018
148,2024-04-08 14:02:00.135000064,1946299400000.0,1950647300000.0,12.0,tt66_2023_fp2_sti_0p1_0p5mm,0.1507512672729859,0.0005264120848431898,0.4824284251805397,0.0005208876450338318,0.9972959577553957,0.45017169797935774,0.0027675510886085277,-0.25686110407035845,0.0027193306133750923,0.9844276086389383
149,2024-04-08 14:02:42.135000064,1956838800000.0,1963947500000.0,12.0,tt66_2023_fp2_sti_0p1_0p5mm,0.13868813914640482,0.00044404715069697366,0.4833582261566486,0.0004397761487145812,0.9977292366019745,0.44791963228457626,0.0013459839380998765,-0.25726119563832633,0.0013226586454809855,0.9962354665823182
150,2024-04-08 14:03:24.135000064,1958159800000.0,1952621400000.0,12.0,tt66_2023_fp2_sti_0p1_0p5mm,0.13801454343695674,0.0004653055507211622,0.4682910058058437,0.00046085275226045915,0.9974830538641694,0.43868309183591153,0.0014111877410425194,-0.26795301001284294,0.0013872753158911488,0.9956908967727788
151,2024-04-08 14:04:06.135000064,1947867300000.0,1943961200000.0,12.0,tt66_2023_fp2_sti_0p1_0p5mm,0.13857310731506176,0.0004469539758137783,0.45629581867408453,0.00044265873543783,0.9976957003127035,0.4418373416639534,0.001373231082008064,-0.2681803559540454,0.001349781636989235,0.9959756138231873
152,2024-04-08 14:04:48.135000064,1941262000000.0,1934695700000.0,12.0,tt66_2023_fp2_sti_0p1_0p5mm,0.13918524135082855,0.00045378820310713007,0.46881711794513625,0.0004494071843585837,0.997645471375542,0.44450234841089636,0.0014088474849217481,-0.26695854500619864,0.00138463349435345,0.9958147032086426
153,2024-04-08 14:05:30.135000064,1978251500000.0,1981138300000.0,12.0,tt66_2023_fp2_sti_0p1_0p5mm,0.13854134501617837,0.0004438593263132078,0.46207778717420195,0.0004395948454282004,0.9977263964910059,0.44448610520674653,0.001331981263463868,-0.26783181363377606,0.0013090892821855543,0.9962570102031962
154,2024-04-08 14:06:12.135000064,1989894100000.0,1987565000000.0,12.0,tt66_2023_fp2_sti_0p1_0p5mm,0.1395498397137239,0.0004468214832603592,0.4691918348013636,0.0004424959298530885,0.9977288270324438,0.4515212106367622,0.0013388369836603083,-0.26456420766206706,0.0013154342856313544,0.996333257076304
155,2024-04-08 14:06:54.135000064,1968423400000.0,1968601800000.0,12.0,tt66_2023_fp2_sti_0p1_0p5mm,0.14001680571233108,0.0004438692096163119,0.47522407503544195,0.0004395572284256079,0.9977734303983953,0.4502718547523113,0.0013514974089620586,-0.2657659759573735,0.0013279439139201009,0.9962434782414988
156,2024-04-08 14:41:54.135000064,3948605600000.0,3956008600000.0,24.0,tt66_2023_fp2_sti_0p1_0p5mm,0.1634714021331045,0.00048640758257848036,0.4425930070107873,0.00048085008038341326,0.998031948695623,0.48638019890286505,0.0013687040193063231,-0.2571076287398815,0.001342774372484992,0.9966884018042773
157,2024-04-08 14:42:36.135000064,3874685000000.0,3885386200000.0,24.0,tt66_2023_fp2_sti_0p1_0p5mm,0.15299529926718136,0.0008236136543493936,0.4370757386025164,0.0008148353906479225,0.9935954815369952,0.43450890524701685,0.006308865560806939,-0.31106414394388043,0.006203056612740541,0.9189990015303601
158,2024-04-08 14:43:18.135000064,3938734000000.0,3946051300000.0,24.0,tt66_2023_fp2_sti_0p1_0p5mm,0.15738333215028938,0.0004753093227644234,0.4354157589440481,0.00047009088306400706,0.9979742431171007,0.4302403009416511,0.0019263058420165818,-0.25130679333549316,0.0018943400026285775,0.9916910233322739
159,2024-04-08 14:44:00.135000064,3877414000000.0,3886827200000.0,24.0,tt66_2023_fp2_sti_0p1_0p5mm,0.1621159142349845,0.00048752088534712734,0.44389780551689284,0.00048199920800791877,0.9979901661173428,0.48244911702937676,0.0013323920575023518,-0.2570329110915643,0.0013073716187585395,0.9968108982504047
160,2024-04-08 14:44:42.135000064,3941739000000.0,3946036900000.0,24.0,tt66_2023_fp2_sti_0p1_0p5mm,0.1575964942443415,0.0004902347233181792,0.41849573558702585,0.0004848447656571506,0.9978510538379293,0.43347263706052463,0.0018967421296252312,-0.2581136787072724,0.0018650125724594237,0.9920590949841465
161,2024-04-08 14:45:24.135000064,3930096400000.0,3936079800000.0,24.0,tt66_2023_fp2_sti_0p1_0p5mm,0.15613863592774385,0.0005140632779088031,0.43950875734400024,0.0005084661817930982,0.9975938153366406,0.4328041718836919,0.0018572087600375001,-0.26055692851731155,0.0018261920522073052,0.9923611559090106
162,2024-04-08 14:46:06.135000064,3888214700000.0,3900545400000.0,24.0,tt66_2023_fp2_sti_0p1_0p5mm,0.1627946481822879,0.0004937360321885362,0.44246369868811347,0.0004881193497796721,0.9979556393824252,0.4821649624256684,0.0013627887415658653,-0.26530347392145137,0.0013372138442143036,0.9966603641744118
163,2024-04-08 14:46:48.135000064,3852415800000.0,3846912300000.0,24.0,tt66_2023_fp2_sti_0p1_0p5mm,0.1591944878556994,0.0005525165459123439,0.42922513141257923,0.0005463771407006558,0.9973257244608644,0.4346472799252228,0.0020405187862105856,-0.2569368453975376,0.0020062845739062347,0.9908694283825991
164,2024-04-08 14:47:30.135000064,3970555400000.0,3965576500000.0,24.0,tt66_2023_fp2_sti_0p1_0p5mm,0.15983610012385593,0.0005018766377120886,0.43992772271178104,0.0004962763232430424,0.9978099063353688,0.4358862342251344,0.0018584270389364718,-0.2596220414419988,0.0018271521978695362,0.9924565944841749
165,2024-04-08 14:48:54.135000064,3991561600000.0,3978775800000.0,24.0,tt66_2023_fp2_sti_0p1_0p5mm,0.159645368583594,0.0005194174397126226,0.4344240503197705,0.0005136286545231365,0.9976489703196473,0.43775287977161587,0.001890570613013992,-0.2616465285001749,0.001858608210222102,0.9922603686791747
166,2024-04-08 14:49:36.135000064,4035824000000.0,4045176000000.0,24.0,tt66_2023_fp2_sti_0p1_0p5mm,0.1574113732372743,0.0005206575933411354,0.4355786080653107,0.0005149402037639381,0.9975710955626159,0.43634551950408873,0.0018921645257763172,-0.2504516199167871,0.0018602858275816772,0.9921984624973944
167,2024-04-08 14:50:18.135000064,3951915400000.0,3959351400000.0,24.0,,0.15927531867797726,0.0005536165927580609,0.4443653528647829,0.0005474616844938809,0.9973177827888438,0.4342222233486014,0.0020084915352357067,-0.25341241326210573,0.001974830097548154,0.9911343607705698
168,2024-04-08 14:51:00.135000064,3999081400000.0,4007220700000.0,24.0,tt66_2023_fp2_sti_0p1_0p5mm,0.16116564431401975,0.0005020332568600956,0.42367311953627934,0.0004963822314746255,0.9978441025356759,0.43532677308846085,0.0018478302162266385,-0.2541743525159495,0.001816776646013233,0.99252298109557
169,2024-04-08 14:51:42.135000064,3906578700000.0,3907750200000.0,24.0,tt66_2023_fp2_sti_0p1_0p5mm,0.16385345983087643,0.00048609721626119754,0.4552306682840622,0.0004805296094237863,0.9980434955948084,0.4470159765842275,0.0017675878259837512,-0.2569366958710755,0.0017370229462331966,0.9934998046898603
170,2024-04-08 14:52:24.135000064,4009867600000.0,4009425400000.0,24.0,tt66_2023_fp2_sti_0p1_0p5mm,0.15910628747166214,0.0005086703121107576,0.43121962793318674,0.000503021403160866,0.9977299221703093,0.4380082161615993,0.0017990228263056638,-0.25154163214659325,0.0017685890525169108,0.9929946442893217
171,2024-04-08 14:53:06.135000064,3998457000000.0,4011658800000.0,24.0,tt66_2023_fp2_sti_0p1_0p5mm,0.1592552493349181,0.0004778965824606305,0.43595619666461394,0.00047258420486820775,0.997999453444306,0.43564198852790986,0.0017941332120321868,-0.2510176889604383,0.0017639585520393944,0.9929581820090367
172,2024-04-08 14:53:48.135000064,3974692600000.0,3983444500000.0,24.0,tt66_2023_fp2_sti_0p1_0p5mm,0.15864105113844126,0.0004981910497730416,0.43550186606215996,0.0004926754993144858,0.9978096582079041,0.433821451898571,0.0019172394182062722,-0.2545218718231281,0.0018851392184621992,0.9919006811740304
173,2024-04-08 14:54:30.135000064,3884745200000.0,3881582200000.0,24.0,tt66_2023_fp2_sti_0p1_0p5mm,0.16205741427590686,0.000500577092001714,0.4543555025558158,0.0004949096898706762,0.997879795145833,0.43737089448446864,0.001942159936510762,-0.2541449951459669,0.0019093561830830386,0.9918217699762911
174,2024-04-08 14:55:12.135000064,3964327400000.0,3976225400000.0,24.0,tt66_2023_fp2_sti_0p1_0p5mm,0.1576327625118779,0.0004970893364506057,0.41944862861706844,0.0004916226945407392,0.9977916768901354,0.43396897189587347,0.0017831448526373667,-0.2526456737651849,0.0017532788728930717,0.9929910128759732
175,2024-04-08 15:44:54.135000064,8152290000000.0,8180557000000.0,48.0,tt66_2023_fp2_sti_0p1_0p5mm,0.14600437323850848,0.0005161702260690231,0.41984626597070895,0.0005109316408347802,0.9972302416366011,0.42351761143534333,0.0014940165567271383,-0.25160701130113783,0.001469640175097758,0.9948280051306124
176,2024-04-08 15:45:36.135000064,8234921000000.0,8248527700000.0,48.0,tt66_2023_fp2_sti_0p1_0p5mm,0.1464236570400506,0.0005012261250951828,0.4182001659654158,0.000496123928478015,0.9974026449820862,0.42317548439090413,0.001476717550175684,-0.25533624659161364,0.001452644315325787,0.9949384667969302
177,2024-04-08 15:46:18.135000064,8162437500000.0,8180268500000.0,48.0,tt66_2023_fp2_sti_0p1_0p5mm,0.14598953730787873,0.0005059617585773896,0.4199379109392574,0.0005008273240332617,0.9973378919601152,0.4220319587417031,0.0014650886588931003,-0.25510526208152096,0.001441274263309639,0.9949909644262017
178,2024-04-08 15:47:00.135000064,8246578400000.0,8230299000000.0,48.0,tt66_2023_fp2_sti_0p1_0p5mm,0.1483649144094999,0.00045552693082871336,0.41531067552359363,0.00045082559091425386,0.9979088660867236,0.43936359519538615,0.001449043249148772,-0.2445494899746161,0.001424448362890862,0.9954714599957871
179,2024-04-08 15:47:42.135000064,7983646000000.0,7995348500000.0,48.0,tt66_2023_fp2_sti_0p1_0p5mm,0.14642497354475323,0.0005439138148326983,0.4091009625529285,0.0005383770298017501,0.9969428545011164,0.422363489133413,0.0015170674339794262,-0.24471515726035953,0.0014923873516739,0.9946394363869744
180,2024-04-08 15:48:24.135000064,8107621000000.0,8110006600000.0,48.0,tt66_2023_fp2_sti_0p1_0p5mm,0.1433030085044719,0.0005252583429491104,0.4009236726821371,0.0005200305760682496,0.9970243553840286,0.41475408681283416,0.0014276668654041491,-0.2540910003446716,0.0014048897152093977,0.9950772295448632
181,2024-04-08 15:49:06.135000064,8152580400000.0,8148235600000.0,48.0,tt66_2023_fp2_sti_0p1_0p5mm,0.1467444308869507,0.0004980606426016358,0.41134039595671074,0.0004929790514830235,0.9974463304116853,0.41961885354344824,0.0014404496340266904,-0.2550311946235788,0.0014171793620449892,0.9951024404320897
182,2024-04-08 15:49:48.135000064,8147136700000.0,8124978700000.0,48.0,tt66_2023_fp2_sti_0p1_0p5mm,0.1454547451883272,0.000505349666364192,0.4072334629053872,0.0005002410847654355,0.9973249852963099,0.4208780529854639,0.001461604947270756,-0.24030290753579114,0.001437916883490626,0.994987797756719
183,2024-04-08 15:50:30.135000064,8103222300000.0,8128105500000.0,48.0,tt66_2023_fp2_sti_0p1_0p5mm,0.14432937308176003,0.0005157181806230684,0.3917272235449298,0.0005105469402401247,0.9971713248736569,0.42182405888935076,0.001412709410197391,-0.24585592743813664,0.001389758555412486,0.995336579430822
184,2024-04-08 16:17:06.135000064,12674000000000.0,12669437000000.0,72.0,tt66_2023_fp2_sti_0p1_0p5mm,0.15740161250744478,0.0004683076975358465,0.43409047790183974,0.00046316550158992154,0.9980338197884018,0.4924062322375215,0.0013147398089488175,-0.250966218550119,0.0012894971841379637,0.997016513676558
185,2024-04-08 16:18:30.135000064,12727886000000.0,12728301000000.0,72.0,tt66_2023_fp2_sti_0p1_0p5mm,0.14909436200639295,0.0008050277356892239,0.41722229645837344,0.0007966765594646977,0.9935603854923741,0.4832726099473154,0.0030212504028341853,-0.3065955876991188,0.002964410529409071,0.9838695844906256
186,2024-04-08 16:20:36.135000064,12864666000000.0,12844862000000.0,72.0,tt66_2023_fp2_sti_0p1_0p5mm,0.15043849763562728,0.0005491420112070066,0.4060405692543263,0.0005433915539164648,0.9970460127705153,0.47581163082346356,0.0012686113151004613,-0.25010154623600633,0.0012451436857771614,0.9970283851902944
187,2024-04-08 16:22:42.135000064,12704819000000.0,12713387000000.0,72.0,tt66_2023_fp2_sti_0p1_0p5mm,0.15375721971138429,0.0005246986240396021,0.42243081792904946,0.0005190770703453897,0.9974162285716676,0.48386093586395595,0.001394999460888084,-0.23892902739568556,0.0013687201723037628,0.9965251857492571
188,2024-04-08 16:23:24.135000064,12869007000000.0,12876045000000.0,72.0,tt66_2023_fp2_sti_0p1_0p5mm,0.15400739459380683,0.00045212373333865057,0.4221906598577414,0.0004472714747781321,0.9980864380003059,0.4907883955833549,0.001205043315555675,-0.2497535937668573,0.0011819894077805756,0.9974761671304943
189,2024-04-08 16:24:06.135000064,12866917000000.0,12853969000000.0,72.0,tt66_2023_fp2_sti_0p1_0p5mm,0.1505556819153094,0.0005030169117136004,0.40072293630704015,0.0004977451673829298,0.997524044174313,0.4747470814725601,0.0012194135317367889,-0.2452006291479346,0.001196910661716251,0.9972416827289013
190,2024-04-08 16:24:48.135000064,12735566000000.0,12723388000000.0,72.0,tt66_2023_fp2_sti_0p1_0p5mm,0.15625343926570504,0.0005201628098586871,0.42619736970605565,0.0005144949338682302,0.9975400909706271,0.48665853123965763,0.0013781303782784747,-0.251256426912085,0.0013520059359963348,0.9966465467843874
191,2024-04-08 16:25:30.135000064,12737424000000.0,12728316000000.0,72.0,tt66_2023_fp2_sti_0p1_0p5mm,0.1515196897859588,0.0005302055835774691,0.42070070863054704,0.0005246116241758949,0.99728435888662,0.4767121786056603,0.0012814113697740674,-0.25009497578255707,0.001257658334640945,0.9969795231323024
192,2024-04-08 16:26:12.135000064,12880084000000.0,12866534000000.0,72.0,tt66_2023_fp2_sti_0p1_0p5mm,0.15094125917104134,0.0005250342770053654,0.4070447810450587,0.0005195170258866074,0.9973167394713777,0.4761379213827298,0.0012363819715147375,-0.2429433710943232,0.0012134935435515128,0.9971808297047796
193,2024-04-08 16:26:54.135000064,12871460000000.0,12862917000000.0,72.0,tt66_2023_fp2_sti_0p1_0p5mm,0.1507781402295894,0.0005309302224285907,0.4099790378031701,0.0005253573281838252,0.9972504378742059,0.47600083731934795,0.001255726448335781,-0.24490088772403604,0.0012324871619639644,0.9970905373266242
194,2024-04-08 16:27:36.135000064,12741286000000.0,12732697000000.0,72.0,tt66_2023_fp2_sti_0p1_0p5mm,0.15469851129111548,0.0004942215292010095,0.41397388100668614,0.0004888925125395946,0.9977344803370591,0.47935305983613385,0.0012848106403806768,-0.2523486966407441,0.0012608515642294872,0.9969962510395062
195,2024-04-08 16:38:48.135000064,24750013000000.0,24733911000000.0,144.0,tt66_2023_fp2_sti_0p1_0p5mm,0.15882990191972918,0.0005307718512742935,0.3922769070646666,0.0005248882484294655,0.9975203686523864,0.5652633315176652,0.001632349292915842,-0.232201024525838,0.001595904416397482,0.9964946577856125
196,2024-04-08 16:39:30.135000064,23350194000000.0,23368544000000.0,144.0,tt66_2023_fp2_sti_0p1_0p5mm,0.14051052875073122,0.0009036850925364665,0.3968902552668616,0.0008948739024899194,0.990898184601857,0.528262524575066,0.002753122788720539,-0.2842027464891414,0.0026960546163034933,0.9887004127994846
197,2024-04-08 16:40:12.135000064,22267426000000.0,22277656000000.0,144.0,tt66_2023_fp2_sti_0p1_0p5mm,0.15281056128093493,0.0006960132493488829,0.4056620778882513,0.0006886043654291195,0.995406914816164,0.5441543110016396,0.001255821200500005,-0.2377215727226938,0.0012289311295124376,0.9977615306165827
198,2024-04-08 16:41:36.135000064,22327670000000.0,22337080000000.0,144.0,tt66_2023_fp2_sti_0p1_0p5mm,0.15350202067655758,0.0006903077183183148,0.39194700561168666,0.0006829247172388939,0.9955216045457572,0.5432465707104172,0.0013913051711846233,-0.23668026452889165,0.0013615685628131553,0.9972448900090111
199,2024-04-08 20:05:26.535000064,52524753000000.0,52579493000000.0,288.0,tt66_2023_fp2_sti_0p1_0p5mm,0.14864772659948192,0.0007730382123807705,0.3731918500818169,0.0007650440296685649,0.9940238240515881,0.5935350334867335,0.0010944612244552366,-0.24400834996809204,0.0010686734893818883,0.9985650410356071
200,2024-04-08 20:06:08.535000064,52240290000000.0,52256800000000.0,288.0,tt66_2023_fp2_sti_0p1_0p5mm,0.14782196438789855,0.0008892096123510423,0.3844286964357281,0.000880067519208467,0.9920210465973599,0.6158064560608808,0.0014245967757728066,-0.2558138236973386,0.0013896313386390613,0.9977399694292532
201,2024-04-08 20:06:50.535000064,52488896000000.0,52550267000000.0,288.0,tt66_2023_fp2_sti_0p1_0p5mm,0.13441387124625515,0.0012999767872725245,0.3517423297763326,0.0012878746652516618,0.9796670756241657,0.5847858437044978,0.002670127110009152,-0.3004991744349555,0.0026082378762590716,0.9912710294182572
202,2024-04-08 20:07:32.535000064,52476963000000.0,52513840000000.0,288.0,tt66_2023_fp2_sti_0p1_0p5mm,0.1361893220473783,0.0012661379851948854,0.3478445474607025,0.0012541885751223196,0.9811781453120584,0.5977749211782863,0.0028519875314400645,-0.3089067558292405,0.0027842574265733305,0.9904689864617594
203,2024-04-08 20:08:14.535000064,52477613000000.0,52526997000000.0,288.0,tt66_2023_fp2_sti_0p1_0p5mm,0.13886790145098793,0.0012922086929808409,0.3476106008435088,0.0012797629660991512,0.9811382673170713,0.6004974534192695,0.0029845338863721026,-0.31694077099002393,0.00291329843735615,0.9896634488494488
204,2024-04-08 20:08:56.535000064,52266044000000.0,52313170000000.0,288.0,tt66_2023_fp2_sti_0p1_0p5mm,0.1397116559962202,0.0013467131681379385,0.3486716271683599,0.0013336602373542061,0.9797859400652809,0.6176822764207123,0.003288593447839794,-0.3105904192634238,0.003207604712382502,0.9881432453020441
205,2024-04-08 20:09:38.535000064,52647740000000.0,52656484000000.0,288.0,tt66_2023_fp2_sti_0p1_0p5mm,0.13971243856293908,0.0013145652179104364,0.3512481713014244,0.0013018238057957334,0.9807213239908161,0.6135559285888733,0.0035843989010765315,-0.30949613665473874,0.003496780073436797,0.9857625253686819
206,2024-04-08 20:10:20.535000064,52294380000000.0,52304740000000.0,288.0,tt66_2023_fp2_sti_0p1_0p5mm,0.1405440787271236,0.0012141697450069326,0.36671181781337725,0.0012023282868439391,0.9836965602989111,0.6072497459817338,0.002974106033297947,-0.3211795868076932,0.0029022342243230953,0.9899550646259344
207,2024-04-08 20:11:02.535000064,52428460000000.0,52463235000000.0,288.0,tt66_2023_fp2_sti_0p1_0p5mm,0.14156047424340026,0.0012214189757593613,0.3669218970429138,0.0012094168560466123,0.9837345917141503,0.6262656719118996,0.0037162116849091377,-0.322135503204075,0.003623276607857682,0.9853053679582044
208,2024-04-08 20:11:44.535000064,52506562000000.0,52498930000000.0,288.0,tt66_2023_fp2_sti_0p1_0p5mm,0.14020773041981865,0.0012180808241455572,0.35557234307053825,0.0012062308982854774,0.9835162791309505,0.622463474794365,0.0035072469243812516,-0.3152906234517681,0.003420129839371647,0.986735227773904
209,2024-04-08 20:12:26.535000064,52650080000000.0,52728114000000.0,288.0,tt66_2023_fp2_sti_0p1_0p5mm,0.14076113535239623,0.0012331123071970802,0.3648591967817402,0.001221066716369073,0.9832429634570384,0.6158361939278858,0.003446425874466161,-0.3191592449288329,0.0033618319433570687,0.9869175018432229
210,2024-04-08 20:13:08.535000064,52676150000000.0,52716500000000.0,288.0,tt66_2023_fp2_sti_0p1_0p5mm,0.14190008824537192,0.0012634221727718306,0.3585167251400689,0.0012509762070431743,0.9826973620316839,0.6157032218613354,0.0037738989319469024,-0.3211378194556603,0.0036812892688208943,0.9843474671336391
